11, 銀魂のアニメとマンガでそれぞれ、沖田総悟が活躍する話を教えてください。
11, 舞-HiME＆舞-乙HiMEフィギュアスペシャルに載ってた黒カグツチは、コミックスの舞-HiMEと舞-乙HiMEのどちらの何巻に出てくるのでしょうか？返答お願いします。
11, OVAのケンイチのクリストファー編って漫画では何巻あたりですか？
11, テニスの王子様の漫画完全版の限定ピンズがついているのって何巻なのでしょうか?
11, 漫画「はじめの一歩」で鴨川源二vsラルフアンダーソンの試合は何巻ですか?
11, 鉄漫って何巻まで出てますか？
11, 名探偵コナンは何巻出ていますか？
11, 名探偵コナンで安室がバーボンとわかるのは何巻ですか？
11, ワンピース パンダマンって、どこで出てきますか? できれば全部教えてください
11, 黒子のバスケの誠凛高校と洛山高校が試合するのは、何巻からですか？
11, ワンピースについて。サンジが初めてディアブルを使ったのは何巻ですか？
11, 『テニスの王子様』のコミックで不二周助がいっぱい出てくるのは何巻ですか？
11, マギで、ジュダルが出てくるのは、何巻ですか？教えてください！！
11, GANTZでレイプシーンがあるのは何巻ですか?
11, こち亀。マリアが女になったのは何巻ですか？
11, ワンピースの漫画で一番新しいシリーズは何巻ですか？？
11, ｢メジャー｣最終巻は何巻ですか？
11, あぶさんが結婚するのは何巻ですか？？
11, ＲＯＯＫＩＥＳって全何巻ですか？
11, ギャグマンガ日和で鬼男が出てくるのは何巻ですか？
11, NARUTOで猿飛アスマが死ぬのは、何巻ですか？
11, スケットダンスで新しい校歌を作るのは、何巻ですか？
11, クリリンが『かめはめ波』を出したのは何巻ですか？
11, 頭文字D漫画で、ブンタがインプを買うのは何巻ですか？
11, ワンピース総集編log17は単行本では何巻から何巻までですか？
11, 【NARUTO】デイダラがサスケと戦う回は、漫画で何巻から何巻までですか？ 教えください
11, NARUTOで日向ヒアシが戦っているシーンがあるの何巻ですか？
11, 名探偵コナン１７４話は何巻ですか？
11, ハンターハンターでマチが大量虐殺するのは何巻ですか？
11, こち亀で銭湯の話は何巻ですか？ できるだけお願いします
11, 銀魂の「タバコは一箱に一、二本馬場糞みたいな匂いがする奴が入っている」は、コミックでは何巻に収録されていますか？
11, ドラえもんの独裁者ボタンが載っている単行本は何巻ですか？
11, ワンピースのマンガで魚人島編は何巻からですか？
11, 美味しんぼ で昔ながらの豆腐を山岡士郎が作ったと思いますが、あれは何巻の話ですか？
11, ハイスクールD×Dに登場する女子陣がイッセーに好意を抱くのはそれぞれ何巻ですか？
11, コミック版夏目友人帳についてニャンコ先生が冷蔵庫のエビを13本勝手に食べた話があったと思うのですが何巻だったかわかる方教えてください
11, 名探偵コナンで阿笠博士が敵のボスだという噂の根拠になった話はコミックス何巻に収録されてますか？
11, ワンピースでウソップが一味を抜ける巻を教えてくださいw
11, 『名探偵コナン』コミックスで、宮野明美が出てくる話が載っている巻を全て教えてください(>_<)
11, るろうに剣心で瀬田宗次郎が出てくる巻を教えてください
11, エースがｼｬﾝｸｽに挨拶しに来る、回想シーンがあったと思うんですが、何巻ですか？
11, 銀魂の神楽が大人になって、定春がオッサンになる話は何巻に収録されてますか
11, ゴルゴ13のヒューマニズムを見ることができるエピソードを教えてください！
11, アニメ「デスノート」で、ラストにデュークが東京タワーの周りを飛んでいたと思うのですが、漫画や映画では、そのようなシーン、または東京タワーが出てくるシーンってどこにありますか？
11, ナルトの漫画についての質問です。デイダラが「手を貸してやったのも忘れて一人で盛り上がってんじゃねーよ！暁のメンバーなら口数は少なくもっとクールに振る舞え…」と言っているところなんですけど、この場面は何巻に載ってますか？
11, いつもお世話になっております。銀魂の単行本購入予定です。ミツバ編というのだけ見たいのですが、第何訓～何訓までか、それは何巻に収録されているのか、宜しければ教えてください。
11, 銀魂で「一国城傾篇」は何巻から何巻まで、何話から何話までですか？
11, 銀魂「一国城傾編」のなかで高杉がでてくるのは何話ですか？
11, ワンピースについて。ワンピースにデュバル（ぬらべっちゃ～のやつ）って初登場何話ででてきましたか?(>_<)
11, ワンピースについて。ワンピースにデュバル（ぬらべっちゃ～のやつ）って初登場のシーン、単行本で言うと何巻ですか？(>_<)
11, 銀魂の結野アナの結婚は何巻ですか?
11, 銀魂の結野アナの離婚は何巻ですか?
11, HUNTER×HUNTER漫画でジンが出てくるのは何巻ですか？
11, HUNTER×HUNTER漫画で、ジンが「なめんなよ 俺の息子だぜ」というのは何巻ですか？
11, エヴァの漫画は全部で何巻ありますか？
11, エヴァの漫画で、量産機との戦いは何巻ですか？
12, 昔の少年漫画です。家族でヨット旅行中船が難破して、兄弟だけギアナ高地みたいな恐竜のいるところにたどり着いちゃって､自分らで気球を作って脱出する。というような内容のもの､ありませんでしたでしょーか。
12, こんにちは。下記のいずれかが出てくる（あるいは舞台の）コミックを探しています。・空中都市（空に浮かんでいる…という意味で、浮遊大陸、浮き島等広い意味で考えてください。）・水没都市（水中都市）・古い遺跡・古城、ご存知でしたら教えください。
12, １０年くらい前だと思うんですけど、なかよしかちゃおで連載されたマンガでめっちゃ好きだったのがあるんですけど・・タイトルがまったく思い出せません(>_<)内容→主人公は「みら」という空を飛べちゃう女の子です。朝起きたら浮いてて目の前に天井があった!みたいなシーンはうっすら覚えてます。あと絵が可愛くて、特にキスシーンが可愛かったです。小学校低学年の時読んだのでもうホントそれくらいしか思い出せないんですが・・もし、これかも～とか脳裏によぎりましたらお返事下さい！どんな小さな可能性でもいいんでお願いします！！！
12, たぶんギャグ漫画だと思うんですが、わからない漫画のタイトルを聞きたいです。主人公一行が温泉に行ったら男湯と女湯がつながってて、男が番台に苦情を言いに行ったら、番台に張り紙がしてあって「覗いたら一兆円」って書いてあって、でも結局男達が覗いちゃって、オチで番台の人が来てやったー4兆円だー！みたいなお話がある漫画、どなたかわかりませんか？
12, 以前オンラインショップで表紙とあらすじを見て読んでみたいな、と思ったんですが、アホなことにタイトルを忘れてしまいました。ずいぶん前のことなので何もかもうろ覚えなんですが、1、日本の漫画家の作品。2、本屋だか古本屋だか貸本屋だか、が物語の中心になっている。3、その店の店長？店員？が何かの組織と戦う？4、表紙がポップな色遣い。これかも、と思ったもの、ご存じでしたら教えてください。よろしくお願いします。
12, 漫画のタイトル教えてください！どうしても思い出せない漫画があるので、質問してみます！友達に借りた漫画なのですが、友達も思い出せないらしく(^^；)内容が、高校生か中学生の男女がいて、男の子が女の子のことが大好きで、やがて2人は付き合い始めます。Hのことをミカンと呼んでたのを覚えています。絵は少女漫画っぽくなくて、ちびまる子ちゃんのような簡易さがありました。これくらいしか覚えていませんが、どなたかわかる方いらっしゃいますか？
12, 少年漫画でギャグ系のマンガなんですけど。何か登場人物がヒーローみたいになって、高校が舞台?なんですよ。で、覚えてるシーンといったら…途中で外国人が転校してきたり、山にハイキング?に行ったりするシーンくらいなんですよ（汗）物語という物語ではない感じなんで。確か2巻完結でした。2年位前に友達に借りた本なので、タイトルがわかりません…。「これかな」と思うようなのあったら情報待ってます。
12, だいぶ古い漫画の話しなのですが、りぼんの別冊付録？だったと思います。両親の亡くなった兄妹が引き取られた（たぶん）親戚のところを出て二人暮らしをはじめて、最後はお兄さんの方が結核で亡くなってしまいます。なんか家が無くて海辺のボロボロの小屋？に済んでたような気がします。この漫画のタイトルと作者をご存じの方、いらっしゃいますか？気になって仕方無いんです。
12, とある事情があり、「胸にメロンパンを入れる」というシーンがある漫画を探しています。よくペチャパイに悩む主人公や女装をする人が胸に入れて、だいたいばれてしまうアレです！メロンパンでなくともかまいません！あんぱんでもいいです！！何パンでも！
12, 今年の始めぐらいに立ち読みして、衝撃的に面白かった漫画のタイトルを探し求めています。ストーリーは馬鹿な中学生が馬鹿な日常を送っていく様子の記録といった感じでした。主人公の中学生がエロ本を母親に見つけられて、怒鳴られる場面があって、ラストのほうでは母親がパート先で怒られながら働いている様子を目撃しする。というような内容でした。一度読んだだけでタイトルを見るのを忘れてしまい、またどこかで出会うだろうと思っていたら、その時以来見かける事がないのです。非常に少ない手がかりなのですが、作者様とタイトルがわかる方、どうか教えてください！
12, 約７年前ほどに少年月刊誌に読みきりで載っていた作品なのですが、世界観は日本、主人公は女の子。売春に持ち込み、金だけ取って逃げるという生活、ある日仲間が殺された、通夜又は葬儀の席で立ち上がり「彼の涙を誰が受けよう」「足を踏み鳴らせ」「かかりびを燃やせ」（この辺うろ覚えですが）という台詞で決起して単身乗り込むというガン・アクションなのですが・・・？
12, 少女マンガの題名を教えてください。内容は、先生だと思っていた人が実は天使で、黒い羽をもっています。その先生役(天使)と、主人公の女の子が恋に落ちる少女漫画です。その、天使と女の子は小さいころ隣同士の家に住んでいました。その天使は２人兄弟だったと思います。その天使は、主人公の女の子の傷をなめると、治すことができます。女の子は天使の世界で住もうと決意する、みたいな感じのマンガです。
12, 70年代後半～80年代の少女漫画のタイトルが知りたいです。ララ・プリンセス系のようにちょっとマニアックというか大人っぽいコミックだったのではないかと思いますが・・りぼん・なかよしのような明るい感じではなかったと思います。ストーリーは最終回しか記憶にないのですが、超能力をもっていた主人公が戦いの末結局最後にその能力を使い果たす・・といった内容だったように感じます。曖昧すぎますが、心当たりの方お願いします。主人公は男の子だったと思います。
12, もう４～５年前くらいにビックコミックオリジナルに連載されていた漫画のタイトルと主人公の名前が思い出せません。ストーリーは、なぜか男性が小学生の体になってしまい、小学校に通い、かつての初恋の相手が保健の先生をしていて、レンタル家族を利用したり、最後は亡くなってしまう・・というような話です。主人公の名前が、「できすぎくん」っぽい名前だったのですが、思い出せません。「秘密のナントカ」っていうようなタイトルだったような気がするのですが・・教えてください。
12, あまり覚えていないのですが、今から５～８年前程に、たぶん少女漫画で、掲載されていました。内容は、クラスの中に一人だけ女の子がいて、男子校ではなかったと思うけど（たぶん共学でそのクラスだけが男ばっかり）、文化祭の準備をしていた？ま～こんな感じです。ぜんぜん覚えていないけど、男ばかりの中に女の子が一人だったことは覚えています。こうな漫画のタイトルと作者を教えて下さい。こんなストーリならいいので･･･。よろしくお願いします。
12, 巨乳の女の子が胸で物を壊してしまうシーンがある漫画教えて下さい。
12, 思い出せない漫画のタイトル。10年くらい前に読んだ覚えのある漫画なのですが、内容がウジ虫のような寄生虫らしきものを人の皮膚の下に無理矢理入れて、人体実験のようなことをしていたシーンが衝撃的で覚えています。また、その実験をされた人間は、体中に毛が生えて凶暴化し、オオカミ男のようになってしまっていたのも覚えています。凄く気になっています。どなたかタイトルの分かる方がいらっしゃいましたら、教えて頂けると幸いです。
12, 食用の赤子が木になるマンガを知りませんか。緑や青の肌の天上人のような人がたくさんいて、肌色の肌の人は突然変異として扱われていたような。再度読んでみたいのですがタイトルがわかりません。ご存じの方、教えてください。
12, ある漫画のタイトルが思い出せません。内容は主人公の青年が、死んだ姉の残したＣＤを聴いていたら幽体離脱をしてしまうという内容なんですけど、わかる人教えてください。
12, 漫画のタイトルを教えてください。主人公が大学生馬術部（合ってるか微妙ですが・・・）で古いアパートに住んでる話です。
12, 昔読んだマンガなんですが、どうしてもタイトルが思い出せません。最終巻で覚えていることは下記です。・少女マンガ・最終的に主人公とくっつく男の職業は刑事・振られた男は画家？ ・彼が撃たれて死んだ…夢だった気になります。
12, 佐藤大輔三佐が最も出てくる作品は何ですか？
12, 女子が男装してる漫画を教えてください。最初の頃とかだけでもいいです
12, ジャンプの漫画のタイトルかなり前のジャンプの漫画なのですが、タイトルが思い出せないです。言葉の初めに「死ぬほど」と言うと、不思議な力が出ていたのは何となく覚えています。
12, ワンピースのスリラーバーグで出て来る、リューマが主人公の漫画の題名を教えてください。ぜひ読んでみたいのですが、本屋で購入できますか？
12, 藤子Ｆ不二夫が最後に描いた漫画はなんですか？
12, 昆虫が、人間を襲ってくる漫画ってどんな作品がありますか？
12, 昔から漫画家の大島弓子さんの大ファンなのですが、最近どんな作品を書いているのかとか、作品がまとめられて本になったとかいう話をほとんど聞いたことがありません。もしご存知の方がいらしたら、教えてください。
12, 現在、既に廃刊になったコミックバーガーに掲載されていた「雷火」という漫画を書いていた藤原カムイという漫画家なんですが、現在他にその漫画家が書いている漫画を知ってる方は教えてくれませんか？また、「雷火」以外で過去になにかありますか？
12, 女の子が胸で服のボタンを弾き飛ばしてしまうシーンがあるマンガってありますか？
13, ディー・グレイマンの２３巻の発売日っていつなんですかね。検索しても出てこないので・・・１２月発売とは書いてあるのですが、わかる方教えてください！！！
13, 皆さんは、なみだうさぎを知っていますか？私は５巻まで持っているのですが、６巻の発売日が気になって仕方ありません。だれか、季節とかだけでもいいので、発売日を教えてください!!
13, デッドマンワンダーランドという漫画の12巻の発売日を知りたいんですが、知ってる方がいらっしゃいましたら教えて下さい！！
13, 「俺はまだ本気出してないだけ」っていう漫画の5巻がいつでるのかずっと調べてるんですけど、全然わかりません。誰か知ってる人がいたら教えてくださいm(__)m
13, ラストイニング30巻の発売日を教えてください。ネットで調べても何も情報が得られません。何かあったんでしょうか？
13, 黒執事の9巻はいつ頃発売されるんでしょうか？
13, おとめ妖怪ざくろのコミックス次巻はいつごろ発売でしょうか。今この作品にはまってて先日5巻まとめ買いしました。元が月刊誌でコミックスの間隔がけっこう空くうえにこの雑誌自体がなかなか書店でみかけません。それと5巻は本誌では何月号までの分が掲載されてるのでしょうか。お願いします。
13, 桜蘭高校ホスト部の１２巻の発売日は、いつでしょうか？あと小説版も出ると聞いたんですけど本当でしょうか？知っている方は教えてください
13, ブリーチ45巻の発売日を教えてください。
13, ハンターハンターの31巻はいつ発売されますか？ジャンプ連載再開日も分かればお願いします。
13, 新テニスの王子様7巻はリョーガが出てきて終わりましたが、これはジャンプSQでいうと何月号の話ですか？？
14, こんにちは。「日出処の天子」の続編の馬屋古女王をを見たいのですが、どの本に収録されているのでしょうか？
14, 「ＢＡＮＡＮＡ ＦＩＳＨ」の番外編で、暁がシンの学校に行ったけど英語がしゃべれず迷子になったのをシンが見つけて暁を肩車(!?)。。。みたいな話があったかと思うんですが、どの本に載っていたのか教えてください。
14, こんにちは。「日出処の天子」の続編の馬屋古女王をを見たいのですが、どの本に収録されているのでしょうか？
14, 「ＢＡＮＡＮＡ ＦＩＳＨ」の番外編で、暁がシンの学校に行ったけど英語がしゃべれず迷子になったのをシンが見つけて暁を肩車(!?)。。。みたいな話があったかと思うんですが、どの本に載っていたのか教えてください。
14, こんにちは。「日出処の天子」の続編の馬屋古女王をを見たいのですが、どの本に収録されているのでしょうか？
14, 「ＢＡＮＡＮＡ ＦＩＳＨ」の番外編で、暁がシンの学校に行ったけど英語がしゃべれず迷子になったのをシンが見つけて暁を肩車(!?)。。。みたいな話があったかと思うんですが、どの本に載っていたのか教えてください。
14, こんにちは。「日出処の天子」の続編の馬屋古女王をを見たいのですが、どの本に収録されているのでしょうか？
14, 「ＢＡＮＡＮＡ ＦＩＳＨ」の番外編で、暁がシンの学校に行ったけど英語がしゃべれず迷子になったのをシンが見つけて暁を肩車(!?)。。。みたいな話があったかと思うんですが、どの本に載っていたのか教えてください。
14, こんにちは。「日出処の天子」の続編の馬屋古女王をを見たいのですが、どの本に収録されているのでしょうか？
14, 「ＢＡＮＡＮＡ ＦＩＳＨ」の番外編で、暁がシンの学校に行ったけど英語がしゃべれず迷子になったのをシンが見つけて暁を肩車(!?)。。。みたいな話があったかと思うんですが、どの本に載っていたのか教えてください。
15, 男の名前みたいなペンネームを使っている女性作家さんていますよね。どんな人がいるのか教えて下さい
15, 高橋留美子作品が大好きなのですが、『人魚シリーズ』は、1992年の『舎利姫』以降、描かれているのでしょうか。また、人魚に関しての、参考文献があれば教えて下さい。
15, 「MIND ASSASSIN」のかずはじめ先生、「Get backers奪還屋」の綾峰欄人先生、ジャンプで連載中の星野桂先生＆天野明先生って女性なんですか？
15, 漫画『ホットロード』の作者の、『紡木たく』さんって、男性ですか？それとも女性ですか？ご存じの方お答えお願いします～ ！
15, ドラゴンボールの作者の鳥山明って今どんな仕事してるんですか？
15, 「ヒットの方程式」に則っている漫画家は。すなわち、「どうすればより多くの読者の支持を得て、掲載誌及び単行本の売上増加に貢献できるか」というテーマについて論理的かつ緻密な計算を重ねた上で、尚且つそれを実行出来ている漫画家の先生は誰だと思いますか？
21, 僕の初恋をキミに捧ぐが完結したと聞いたのですが、最後はどうゆう風に終わったのですか？
21, 「美味しんぼ」の主人公・山岡士郎の父親は海原雄山ですが、彼らは何がきっかけで仲が悪くなったのでしょうか？
21, 今、ドラマで放映中の『銭ゲバ』ですが、原作ではどういうストーリーで、どんなラストを迎えるのでしょうか。
21, 僕は妹に恋をするの最終回はどうなったのでしょうか？
21, エンジェルハートでは香にプロポーズした後に香が事故で死ぬところから始まりますが、シティーハンターの最終回ではどういう形で終わったのでしょうか？。
21, るろうに剣心の２０巻からのストーリーを詳しく教えてください。
21, 最近、読み始めたのですが、１２巻目だったかなあ、その後のコミックを探せません。冒険王ビィトは、今どうなっていますか？
21, マンガ「王家の紋章」の内容を教えてください
21, 樹なつみさんの「花咲ける青少年」のその後のストーリー本が出てるそうですが、概要（ネタバレ希望！！）を教えてください。
21, ハイスクール奇面組のラスト。途中までコミックを集めていたんですが、最終巻を読んだことがありません。最後どうなるのかが、非常に気になります。ご存知の方、教えて下さい!!
21, 最近よく話題がでる「ひぐらしのなく頃に」が気になってるのですが、どういう内容なのでしょう？・簡単にまとめたストーリー・何故少女は殺されてしまうのか（何故自分でわかっているのか）・感動的なエピソード。宜しくお願いします！
21, コミックのエウレカセブンで質問です。最終話で、虹がかかってレントンが手を伸ばす…というラストのシーンで、一体何が起こったんでしょうか。エウレカはいなくなってしまったんですよね。理解不足で本当にお恥ずかしいですが、教えてください…
21, 富樫義博がただで配ったという、「ヨシりんでポン！」という同人誌なのですが、内容をさらっとでいいので教えていただけないでしょうか？
21, あだち充「クロスゲーム」は14巻で完結なんでしょうか？？どなたか教えて下さい。
21, 鋼の錬金術師の最後はどんな終わりですか?
21, 高校デビューってもう完結してますか？？
21, スケットダンスはまだ漫画の連載が続いていますか？
21, 矢沢あいさんについて。NANAはもう連載しないんでしょうか？
21, 「ブラックジャック」左目の皮膚は移植した感じになっていますがどういった経緯でこうなったのでしょうか？？？教えてください。
21, NARUTO トビについてナルトにでてくるトビをナルトたちがマダラと認識したのっていつでしたっけ？？
21, エースの父親がロジャーだったとジャンプでやってましたが、ルフィーの父親って確かドラゴンじゃなかったでしたっけ？母親はエースを生んですぐに死んだみたいなので異父兄弟でもなさそうですし、ルフィーの父親は私の勘違いだったのでしょうか？
21, こち亀で部長のために誕生日プレゼントを買いたいと両津・中川・麗子がバイトする話で両津は鼻子と組んでお笑いやって中川と麗子はモデルをやっていたのに、集合地が一緒だったため間違えられて両津コンビがモデルになる・・・。という話の結末を教えてください。
21, GTOに詳しい人!とても賢い少女神埼麗美が、自分の自殺をほのめかした時に、どこかの大学生が自殺をするときに残した遺書の一文を読み上げていた気がします。その遺書はどんな内容だったでしょうか？ また誰の文章でしょうか？ しっているかた教えてください。
21, GTOに詳しい人!とても賢い少女神埼麗美が、自分の自殺をほのめかした時に、どこかの大学生が自殺をするときに残した遺書の一文を読み上げていた気がします。その遺書は誰の文章でしょうか？ しっているかた教えてください。
21, デスノートがついに終わってしまったのですがあのラストの意味がよくわかりません。ミサはどうなったのでしょうか？ラストの少女がミサだったんですか？
21, デスノートがついに終わってしまったのですがあのラストの意味がよくわかりません。ラストの少女がミサだったんですか？
21, 「好きです鈴木くん！！」という漫画ってどんな漫画ですか？
21, HUNTER×HUNTERの今週号で、携帯を持って宮殿に座っているクラピカがいましたが、何をしているのでしょうか。
22, 家庭教師ヒットマンリボーンの、シモンファミリーの属性についての質問です。紅葉は森、しとぴっちゃんは沼、アーデルは氷河、ジュリーは砂漠、らうじは山炎真は大地では水野薫は何て言う属性なんでしょうか？
22, ハンターハンターのボノレノフって何系ですかね？
22, エヴァンゲリオンの序破Ｑのそれぞれの意味はなんですか？
22, 今週の絶対可憐チルドレンで、チャプター１２「T60:20:14を思い出せ」という場面があります。劇中アニメの「魔法少女ぜったい!チルチル」の劇場版ＤＶＤの話だというところまではわかるのですが、「T60:20:14」がなんなのか私にはわからないため、どうしてパレットが伝言を理解出来たのかがわかりません。「T60:20:14」って、なんなのでしょうか？
22, コミックのほうの「風の谷のナウシカ」ですが、墓所とは一体なんだったんでしょうか？そして、ナウシカのやった行動によってみんな助からなくなってしまうかもしれないのに、あれで終わりというのは、僕的にも納得がいきません。どうか納得のいく答えができる人はお願いします。
22, エヴァンゲリオンのエヴァの拘束具ってなんなんですか？後、拘束具ってエヴァのどの辺にあるんですか？リツコが「あれは装甲板ではないの」と言っていましたが。
22, ワンピースの、世界政府とは一体どんな組織ですか？
22, 手塚治虫の作品「七色いんこのネタ」で登場人物の叫び声が「日本の国土」とたまに出て来るのですが意味が分からないので、知っておられる方がいたら教えて下さい。おそらく登場人物がピンチな状況を、手塚先生なりに当時の日本を皮肉って描いたのだと思いますが、当時の時代背景も含めて教えていただければと思います。
22, カバーの裏表紙の「作者のコメント」に「現実世界の大事件をあえてナナの世界で起こらなかったことにしたのは・・・・・」という文章がありますが、これは何のことでしょうか？お分かりになる方教えてください！
22, よく大甲子園やドカベンプロ野球編で「球けがれなく道けわし」という言葉が出てきます。読んでいてもまったく、意味がわかりません。どういう意味なんでしょうか。
22, エヴァンゲリオンのエヴァの拘束具ってなんなんですか？
22, エヴァンゲリオンの拘束具ってエヴァのどの辺にあるんですか？リツコが「あれは装甲板ではないの」と言っていましたが。
23, 上京花日のその後の連載情報を教えてください。確か単行本は第５巻までしか出ていないようです。ビックコミックの方も、その後掲載されておりません。どうなったのでしょう？
23, 何故のだめが魚ちゃん？「のだめカンタービレ巴里編」で、貴族の館に行った時、「魚ちゃん」と呼ばれていましたが、なぜですか？
23, 「のだめカンタービレ」で千秋と父親は互いを避け合っているようですがどうしてここまで不仲になってしまったのですか？
23, ベジータが 「よけろナッパー！！」 と言わなかったら、ナッパは死んでましたか？
23, 今、ワイルドハーフを全巻読み終えたばかりなんですが、結局、タケトの兄の犬嫌いの理由はなんなのでしょう？最終巻の終わりに、＜ヒントの空欄の答えをハガキで送り、それに正解した人のみ「あんたが正解だよ」という返事を送ります。＞と書いてあります。それは、どんな手紙が来ても正解にはしないという意味なんでしょうか。それとも、誰か正解だよという返事をもらった人がいるんでしょうか。とにかく、兄の犬嫌いの理由が知りたいです。よろしくお願いします。
23, ハンターハンターのヂートゥは死んでしまったのですか？
23, ドラえもんの名前って何かあるんですか？
23, 「H＊H」ヒソカはなんでクロロゴン(キルア)がお気に入りですか？
23, 美味しんぼの父子の確執はなぜ生まれた？
23, 「巨人の星」で、花形満はなぜ一塁手だったのですか？
23, ONE PIECEの質問です。ニコ・ロビンがはじめて出てきたとき、アラバスタ編に入った？入るきっかけになる時くらいに、ロビンが船の上で、サンジとウソップを宙に浮かしているシーンがあったと思ったんですが、今のロビンの能力とはちょっと違いますよね！？これって、どういうことなのーという質問です。
23, バガボンドがなぜ「バガボンド」というのかわかりません。知り合いにも訊いてみましたが「わからない」とのこと。わたしは漫画の方は１・２巻くらいまでしか見ていないので、内容と何か関係があるのでしょうか？
23, ドラえもん。スネ夫に弟「スネツグ」がいて、養子に出され、ニューヨークに住んでいるという話は本当なのでしょうか？
23, ドラえもん。スネ夫に弟「スネツグ」がいて、なぜスネツグは養子に出されてしまったのでしょう？
23, ブラックジャックのぴのこってなぜあんなに小さいのですか？
23, ブラックジャックのぴのこって何故ブラックジャックと住んでいるのでしょうか？？
24, 浦沢直樹の「20世紀少年」に出てくる‘ともだち’の正体って誰なんですかね？
24, 『ＧＴＯ』に出てくる神崎麗美というキャラクターのプロフィールを知っているかたがいましたら教えてください
24, ナルトに出てくるヤマトについて。こないだ、友達が買ったナルトのタオルを見て気づいたんですがヤマトの髪の毛が赤色でした。コミックでは黒のはずなんですが・・・アニメでは赤色なんでしょうか？
24, 20世紀少年を読んでる人、だれがともだちと思いますか？わたしはフクベーじゃないような・・・・
24, MAJORの清水の性格を詳しく教えてください。（好きな人が清水の性格が好きらしいんデス)
24, ワンピースを読んでいて（ジャンプより少々遅れた速度で読んでいます）疑問になったことを質問します。フラミンゴの能力って何ですか？（オーズＪｒの足を一瞬で切ったように見えました）
24, ワンピース６８巻の３人を襲おうとしてるつの生えた化けものは何者ですか？
24, 今放送している新ミナミの帝王のユリム役の人の名前はなんですか？
24, ２５年前の漫画で『私立極道高校』の1巻の終わりで学帽政と対決する謎の奴って誰だったの？知ってる人いたら教えてください。
24, 鋼の錬金術師の主人公の名前を教えて下さい！
24, 朧って年齢いくつぐらいでしょうかね？
24, ねずみ男の出身地はどこですか？
24, 小３の息子が「まるこちゃんのお父さんは仕事もしないでお酒ばっかり飲んでる」と激怒。時々ＴＶでは見ているものの、仕事をしているところって見たことないんです。父ひろしはどんな仕事しているか分かりますか？
24, スッパマンとは何者ですか？
24, この条件に合うキャラを探しています（どれか１つでも当てはまっていれば良いです）。・萩尾望都先生の「１１人いる！」に登場するフロルのように、成長後に性別を決定できるキャラ。・清水玲子先生の「月の子」のベンジャミン、ティルト、セツのように成長後に、どちらかの性別になるキャラ。・両性具有のキャラ。・どちらの性別でもないキャラ。できるだけ多くのキャラを知りたいです。ご存知の方、よろしくお願いします。
24, 花より男子にでてくる、つくしちゃんのアルバイト先を教えてください。
24, 大場つぐみの正体はガモウひろしという噂が流れていますが本当なのですか？
24, お正月にテレビでやっていた「ＢＪ」を見て思ったんですが、ピノコっていくつなんですか？
24, お正月にテレビでやっていた「ＢＪ」を見て思ったんですが、ピノコってブラックジャック氏とどういう関係なんでしょうか？（恋人？？）
24, ブラックジャックのぴのこって１８才なんですよね？？
24, 20、21世紀少年の最後の「ともだち」の正体である「カツマタくん」って誰ですか?
24, お世話になります。銀魂の同人小説がネットでいろいろ見られますが、原作で桂は養子なんですか？
24, お世話になります。銀魂の同人小説がネットでいろいろ見られますが、原作で桂は晋助より年上なんですか？
24, ハンターハンターのキルアの兄弟は何人ですか？
24, ハンターハンターのキャラクター紹介のところではキルアの兄弟は五人だったのですが。長兄がイルミで次兄がミルキで三男がキルアで、末っ子がカルトですよね。あと一人は一体誰なんでしょうか？？
25, ゴッドハンド輝の漫画の中で入院中に筋肉を鍛える記憶が曖昧なのですが、以前ゴッドハンド輝の漫画に事故で入院してプロレスの試験が近いので、早く治らないか退院できないか？と我が儘を言い、ベッドで腕立てをして傷が開いたてしまった青年の話があったと思います。その解決法で腕をテープのようなもので圧迫し筋肉疲労をはやめることで、筋肉を鍛えるのと同じような効果が出る方法があったようにおもうのですが、どういう方法、名称だったでしょうか？
25, こんにちは、最近リボーンを読んで面白いなーと思ったんですが、よく分からないことがあるので質問させてください。そのまんまなんですが『アルコバレーノ』って何なんですか？
25, 「聖★おにいさん」楽しく読みました。元ネタを知らないとピンとこない所もあり、ブッダの描いた４コママンガ「悟れ！アナンダ」での肋骨ダンスの意味がよくわかりません。検索してみたものの、うまく見つけられませんでした。どなたかご存知の方教えてください。
25, HUNTER×HUNTERの円って何ですか？
25, ドラえもんの道具。ピッチャーの投げる球が風船に見えたり、塀の上が畳の上に見えたりする道具ってなに？
25, 鋼の錬金術師でマース・ヒューズ中佐が使っていたナイフの名前お教えてください。
25, こち亀の漫画で麗子、中川が乗っていたスーパーカーの車種を教えて下さい。
25, こちら葛飾区亀有公園前派出所に関して。何年か前、週刊少年ジャンプのこち亀に出てきた自分を把握する為のシート(例えば自分の名前を中央に書いて、そこから趣味や資格等を派生させて記入、それを分かり易く図にしたシート)の名前が知りたいのですがどなたかご存知の方いませんでしょうか？
25, 最近ヘタリアが好きになってニコニコ動画などでもよく観るようになりました。そこで本多菊やアーサー、アルフレッドなどの名前を耳にするのですが、これらは国の愛称らしいですね。この国の愛称を全て教えて頂きたいです。お願いします。
25, ジャンプのナルトにでてくる磁遁って何遁と何遁を組み合わせたものだと思いますか？
25, エデンの檻の最初のほうにでてくる顔がメッチャでかい犬の名前を教えてください・
26, 最近、コミック「幽遊白書」を読み返しています。今、４巻で乱童と戦うあたりなのですが、前々から気になってた事がありました。ページ数は覚えてないんですけど、ぼたんが手を顎にあててセリフを言ってる後ろで幽助が「右手気をつけろよお前」みたいな事を言ってる場面ありますよね？その幽助のセリフの意味が未だに分かんなくて…。何回も読んでるんですが分かりません。ふと、気になってしまって…。もし知ってる方いましたら教えて下さい
26, 最近パチンコのCR蒼天の拳にはまっているのですが、主人公の霞拳志郎の決め台詞、「北斗の文句は俺に言え。」とはどういう意味ですか？？
26, キン肉マンの言うセリフで「へのつっぱりはいらんですよ」というのがありますが，あれは結局どういう意味なのでしょうか？
26, あだち充作の漫画「クロスゲーム」の7巻118ページに「なんでもグラビアアイドルの女の子が幼なじみの男と入れ替わって、高校野球で活躍する・・・」と書いてあるのですが、ヤングサンデーの漫画らしいのですが、なんだか分かりますか？
26, めだかボックスの球磨川のセリフに『』がついているのは何でですか？
26, BLACK LAGOONで出るセリフの意味についての質問なのですが。「らしくねえぜロック、徹夜でパワー・ボウルでも観てたかな？」で言う（パワー・ボウル）は何ですか？
26, 吉野朔実「ECCENTRICS」の３巻に「人間が体から出たモノを嫌悪するのは何故だろう。涙と赤ん坊以外は」という言葉が出てきます。同じ作者の作品「僕だけが知っている」にも出てくる言葉で、どうも何かからの引用らしいのですが、心当たりがありません。この言葉の原典をご存じの方、教えてください。また、この作品のラストの台詞「私は生まれたばかりですでに大罪を犯している　もちろん両親たちはそんなこととは知らない」の「大罪」とは具体的には何かおわかりの方、ぜひ教えてください！
